"GEOID","County","State","RE","Sex","Category","Measure","Value","Source"
"29001","Adair County","Missouri","All Races","All Sexes","Cancer Incidence (age-adj per 100k)","All Cancer Site",432.7516,"US Cancer Statistics, 2018 - 2022"
"29003","Andrew County","Missouri","All Races","All Sexes","Cancer Incidence (age-adj per 100k)","All Cancer Site",451.2255,"US Cancer Statistics, 2018 - 2022"
"29005","Atchison County","Missouri","All Races","All Sexes","Cancer Incidence (age-adj per 100k)","All Cancer Site",417.4588,"US Cancer Statistics, 2018 - 2022"
"29007","Audrain County","Missouri","All Races","All Sexes","Cancer Incidence (age-adj per 100k)","All Cancer Site",459.7916,"US Cancer Statistics, 2018 - 2022"
"29009","Barry County","Missouri","All Races","All Sexes","Cancer Incidence (age-adj per 100k)","All Cancer Site",445.6441,"US Cancer Statistics, 2018 - 2022"
"29011","Barton County","Missouri","All Races","All Sexes","Cancer Incidence (age-adj per 100k)","All Cancer Site",471.1515,"US Cancer Statistics, 2018 - 2022"
"29013","Bates County","Missouri","All Races","All Sexes","Cancer Incidence (age-adj per 100k)","All Cancer Site",460.2484,"US Cancer Statistics, 2018 - 2022"
"29015","Benton County","Missouri","All Races","All Sexes","Cancer Incidence (age-adj per 100k)","All Cancer Site",470.6467,"US Cancer Statistics, 2018 - 2022"
"29017","Bollinger County","Missouri","All Races","All Sexes","Cancer Incidence (age-adj per 100k)","All Cancer Site",517.8592,"US Cancer Statistics, 2018 - 2022"
"29019","Boone County","Missouri","All Races","All Sexes","Cancer Incidence (age-adj per 100k)","All Cancer Site",474.853,"US Cancer Statistics, 2018 - 2022"
"29021","Buchanan County","Missouri","All Races","All Sexes","Cancer Incidence (age-adj per 100k)","All Cancer Site",512.0747,"US Cancer Statistics, 2018 - 2022"
"29023","Butler County","Missouri","All Races","All Sexes","Cancer Incidence (age-adj per 100k)","All Cancer Site",497.2154,"US Cancer Statistics, 2018 - 2022"
"29025","Caldwell County","Missouri","All Races","All Sexes","Cancer Incidence (age-adj per 100k)","All Cancer Site",457.7276,"US Cancer Statistics, 2018 - 2022"
"29027","Callaway County","Missouri","All Races","All Sexes","Cancer Incidence (age-adj per 100k)","All Cancer Site",466.6669,"US Cancer Statistics, 2018 - 2022"
"29029","Camden County","Missouri","All Races","All Sexes","Cancer Incidence (age-adj per 100k)","All Cancer Site",449.6105,"US Cancer Statistics, 2018 - 2022"
"29031","Cape Girardeau County","Missouri","All Races","All Sexes","Cancer Incidence (age-adj per 100k)","All Cancer Site",468.5422,"US Cancer Statistics, 2018 - 2022"
"29033","Carroll County","Missouri","All Races","All Sexes","Cancer Incidence (age-adj per 100k)","All Cancer Site",448.0953,"US Cancer Statistics, 2018 - 2022"
"29035","Carter County","Missouri","All Races","All Sexes","Cancer Incidence (age-adj per 100k)","All Cancer Site",584.1552,"US Cancer Statistics, 2018 - 2022"
"29037","Cass County","Missouri","All Races","All Sexes","Cancer Incidence (age-adj per 100k)","All Cancer Site",468.0896,"US Cancer Statistics, 2018 - 2022"
"29039","Cedar County","Missouri","All Races","All Sexes","Cancer Incidence (age-adj per 100k)","All Cancer Site",452.7197,"US Cancer Statistics, 2018 - 2022"
"29041","Chariton County","Missouri","All Races","All Sexes","Cancer Incidence (age-adj per 100k)","All Cancer Site",482.4495,"US Cancer Statistics, 2018 - 2022"
"29043","Christian County","Missouri","All Races","All Sexes","Cancer Incidence (age-adj per 100k)","All Cancer Site",438.6603,"US Cancer Statistics, 2018 - 2022"
"29045","Clark County","Missouri","All Races","All Sexes","Cancer Incidence (age-adj per 100k)","All Cancer Site",500.9906,"US Cancer Statistics, 2018 - 2022"
"29047","Clay County","Missouri","All Races","All Sexes","Cancer Incidence (age-adj per 100k)","All Cancer Site",474.4968,"US Cancer Statistics, 2018 - 2022"
"29049","Clinton County","Missouri","All Races","All Sexes","Cancer Incidence (age-adj per 100k)","All Cancer Site",441.9824,"US Cancer Statistics, 2018 - 2022"
"29051","Cole County","Missouri","All Races","All Sexes","Cancer Incidence (age-adj per 100k)","All Cancer Site",465.2294,"US Cancer Statistics, 2018 - 2022"
"29053","Cooper County","Missouri","All Races","All Sexes","Cancer Incidence (age-adj per 100k)","All Cancer Site",504.1666,"US Cancer Statistics, 2018 - 2022"
"29055","Crawford County","Missouri","All Races","All Sexes","Cancer Incidence (age-adj per 100k)","All Cancer Site",496.292,"US Cancer Statistics, 2018 - 2022"
"29057","Dade County","Missouri","All Races","All Sexes","Cancer Incidence (age-adj per 100k)","All Cancer Site",405.6672,"US Cancer Statistics, 2018 - 2022"
"29059","Dallas County","Missouri","All Races","All Sexes","Cancer Incidence (age-adj per 100k)","All Cancer Site",454.4945,"US Cancer Statistics, 2018 - 2022"
"29061","Daviess County","Missouri","All Races","All Sexes","Cancer Incidence (age-adj per 100k)","All Cancer Site",433.8985,"US Cancer Statistics, 2018 - 2022"
"29063","DeKalb County","Missouri","All Races","All Sexes","Cancer Incidence (age-adj per 100k)","All Cancer Site",375.5401,"US Cancer Statistics, 2018 - 2022"
"29065","Dent County","Missouri","All Races","All Sexes","Cancer Incidence (age-adj per 100k)","All Cancer Site",477.5799,"US Cancer Statistics, 2018 - 2022"
"29067","Douglas County","Missouri","All Races","All Sexes","Cancer Incidence (age-adj per 100k)","All Cancer Site",406.3461,"US Cancer Statistics, 2018 - 2022"
"29069","Dunklin County","Missouri","All Races","All Sexes","Cancer Incidence (age-adj per 100k)","All Cancer Site",534.9669,"US Cancer Statistics, 2018 - 2022"
"29071","Franklin County","Missouri","All Races","All Sexes","Cancer Incidence (age-adj per 100k)","All Cancer Site",517.4317,"US Cancer Statistics, 2018 - 2022"
"29073","Gasconade County","Missouri","All Races","All Sexes","Cancer Incidence (age-adj per 100k)","All Cancer Site",464.4004,"US Cancer Statistics, 2018 - 2022"
"29075","Gentry County","Missouri","All Races","All Sexes","Cancer Incidence (age-adj per 100k)","All Cancer Site",516.8453,"US Cancer Statistics, 2018 - 2022"
"29077","Greene County","Missouri","All Races","All Sexes","Cancer Incidence (age-adj per 100k)","All Cancer Site",459.1555,"US Cancer Statistics, 2018 - 2022"
"29079","Grundy County","Missouri","All Races","All Sexes","Cancer Incidence (age-adj per 100k)","All Cancer Site",489.3284,"US Cancer Statistics, 2018 - 2022"
"29081","Harrison County","Missouri","All Races","All Sexes","Cancer Incidence (age-adj per 100k)","All Cancer Site",468.6693,"US Cancer Statistics, 2018 - 2022"
"29083","Henry County","Missouri","All Races","All Sexes","Cancer Incidence (age-adj per 100k)","All Cancer Site",505.949,"US Cancer Statistics, 2018 - 2022"
"29085","Hickory County","Missouri","All Races","All Sexes","Cancer Incidence (age-adj per 100k)","All Cancer Site",419.6516,"US Cancer Statistics, 2018 - 2022"
"29087","Holt County","Missouri","All Races","All Sexes","Cancer Incidence (age-adj per 100k)","All Cancer Site",517.6659,"US Cancer Statistics, 2018 - 2022"
"29089","Howard County","Missouri","All Races","All Sexes","Cancer Incidence (age-adj per 100k)","All Cancer Site",460.6865,"US Cancer Statistics, 2018 - 2022"
"29091","Howell County","Missouri","All Races","All Sexes","Cancer Incidence (age-adj per 100k)","All Cancer Site",465.3884,"US Cancer Statistics, 2018 - 2022"
"29093","Iron County","Missouri","All Races","All Sexes","Cancer Incidence (age-adj per 100k)","All Cancer Site",551.8832,"US Cancer Statistics, 2018 - 2022"
"29095","Jackson County","Missouri","All Races","All Sexes","Cancer Incidence (age-adj per 100k)","All Cancer Site",453.965,"US Cancer Statistics, 2018 - 2022"
"29097","Jasper County","Missouri","All Races","All Sexes","Cancer Incidence (age-adj per 100k)","All Cancer Site",526.7278,"US Cancer Statistics, 2018 - 2022"
"29099","Jefferson County","Missouri","All Races","All Sexes","Cancer Incidence (age-adj per 100k)","All Cancer Site",485.5179,"US Cancer Statistics, 2018 - 2022"
"29101","Johnson County","Missouri","All Races","All Sexes","Cancer Incidence (age-adj per 100k)","All Cancer Site",477.6966,"US Cancer Statistics, 2018 - 2022"
"29103","Knox County","Missouri","All Races","All Sexes","Cancer Incidence (age-adj per 100k)","All Cancer Site",491.6694,"US Cancer Statistics, 2018 - 2022"
"29105","Laclede County","Missouri","All Races","All Sexes","Cancer Incidence (age-adj per 100k)","All Cancer Site",432.2423,"US Cancer Statistics, 2018 - 2022"
"29107","Lafayette County","Missouri","All Races","All Sexes","Cancer Incidence (age-adj per 100k)","All Cancer Site",466.5916,"US Cancer Statistics, 2018 - 2022"
"29109","Lawrence County","Missouri","All Races","All Sexes","Cancer Incidence (age-adj per 100k)","All Cancer Site",421.8611,"US Cancer Statistics, 2018 - 2022"
"29111","Lewis County","Missouri","All Races","All Sexes","Cancer Incidence (age-adj per 100k)","All Cancer Site",537.261,"US Cancer Statistics, 2018 - 2022"
"29113","Lincoln County","Missouri","All Races","All Sexes","Cancer Incidence (age-adj per 100k)","All Cancer Site",489.3134,"US Cancer Statistics, 2018 - 2022"
"29115","Linn County","Missouri","All Races","All Sexes","Cancer Incidence (age-adj per 100k)","All Cancer Site",501.5306,"US Cancer Statistics, 2018 - 2022"
"29117","Livingston County","Missouri","All Races","All Sexes","Cancer Incidence (age-adj per 100k)","All Cancer Site",486.4403,"US Cancer Statistics, 2018 - 2022"
"29119","McDonald County","Missouri","All Races","All Sexes","Cancer Incidence (age-adj per 100k)","All Cancer Site",435.6341,"US Cancer Statistics, 2018 - 2022"
"29121","Macon County","Missouri","All Races","All Sexes","Cancer Incidence (age-adj per 100k)","All Cancer Site",478.7044,"US Cancer Statistics, 2018 - 2022"
"29123","Madison County","Missouri","All Races","All Sexes","Cancer Incidence (age-adj per 100k)","All Cancer Site",551.5263,"US Cancer Statistics, 2018 - 2022"
"29125","Maries County","Missouri","All Races","All Sexes","Cancer Incidence (age-adj per 100k)","All Cancer Site",383.1448,"US Cancer Statistics, 2018 - 2022"
"29127","Marion County","Missouri","All Races","All Sexes","Cancer Incidence (age-adj per 100k)","All Cancer Site",548.8965,"US Cancer Statistics, 2018 - 2022"
"29129","Mercer County","Missouri","All Races","All Sexes","Cancer Incidence (age-adj per 100k)","All Cancer Site",435.1495,"US Cancer Statistics, 2018 - 2022"
"29131","Miller County","Missouri","All Races","All Sexes","Cancer Incidence (age-adj per 100k)","All Cancer Site",455.0997,"US Cancer Statistics, 2018 - 2022"
"29133","Mississippi County","Missouri","All Races","All Sexes","Cancer Incidence (age-adj per 100k)","All Cancer Site",531.7563,"US Cancer Statistics, 2018 - 2022"
"29135","Moniteau County","Missouri","All Races","All Sexes","Cancer Incidence (age-adj per 100k)","All Cancer Site",469.7678,"US Cancer Statistics, 2018 - 2022"
"29137","Monroe County","Missouri","All Races","All Sexes","Cancer Incidence (age-adj per 100k)","All Cancer Site",503.5686,"US Cancer Statistics, 2018 - 2022"
"29139","Montgomery County","Missouri","All Races","All Sexes","Cancer Incidence (age-adj per 100k)","All Cancer Site",522.8064,"US Cancer Statistics, 2018 - 2022"
"29141","Morgan County","Missouri","All Races","All Sexes","Cancer Incidence (age-adj per 100k)","All Cancer Site",484.0078,"US Cancer Statistics, 2018 - 2022"
"29143","New Madrid County","Missouri","All Races","All Sexes","Cancer Incidence (age-adj per 100k)","All Cancer Site",478.0059,"US Cancer Statistics, 2018 - 2022"
"29145","Newton County","Missouri","All Races","All Sexes","Cancer Incidence (age-adj per 100k)","All Cancer Site",415.4264,"US Cancer Statistics, 2018 - 2022"
"29147","Nodaway County","Missouri","All Races","All Sexes","Cancer Incidence (age-adj per 100k)","All Cancer Site",424.9134,"US Cancer Statistics, 2018 - 2022"
"29149","Oregon County","Missouri","All Races","All Sexes","Cancer Incidence (age-adj per 100k)","All Cancer Site",546.8427,"US Cancer Statistics, 2018 - 2022"
"29151","Osage County","Missouri","All Races","All Sexes","Cancer Incidence (age-adj per 100k)","All Cancer Site",492.395,"US Cancer Statistics, 2018 - 2022"
"29153","Ozark County","Missouri","All Races","All Sexes","Cancer Incidence (age-adj per 100k)","All Cancer Site",470.918,"US Cancer Statistics, 2018 - 2022"
"29155","Pemiscot County","Missouri","All Races","All Sexes","Cancer Incidence (age-adj per 100k)","All Cancer Site",419.3696,"US Cancer Statistics, 2018 - 2022"
"29157","Perry County","Missouri","All Races","All Sexes","Cancer Incidence (age-adj per 100k)","All Cancer Site",482.7347,"US Cancer Statistics, 2018 - 2022"
"29159","Pettis County","Missouri","All Races","All Sexes","Cancer Incidence (age-adj per 100k)","All Cancer Site",480.1369,"US Cancer Statistics, 2018 - 2022"
"29161","Phelps County","Missouri","All Races","All Sexes","Cancer Incidence (age-adj per 100k)","All Cancer Site",474.207,"US Cancer Statistics, 2018 - 2022"
"29163","Pike County","Missouri","All Races","All Sexes","Cancer Incidence (age-adj per 100k)","All Cancer Site",528.9875,"US Cancer Statistics, 2018 - 2022"
"29165","Platte County","Missouri","All Races","All Sexes","Cancer Incidence (age-adj per 100k)","All Cancer Site",391.842,"US Cancer Statistics, 2018 - 2022"
"29167","Polk County","Missouri","All Races","All Sexes","Cancer Incidence (age-adj per 100k)","All Cancer Site",462.2515,"US Cancer Statistics, 2018 - 2022"
"29169","Pulaski County","Missouri","All Races","All Sexes","Cancer Incidence (age-adj per 100k)","All Cancer Site",475.0537,"US Cancer Statistics, 2018 - 2022"
"29171","Putnam County","Missouri","All Races","All Sexes","Cancer Incidence (age-adj per 100k)","All Cancer Site",456.8094,"US Cancer Statistics, 2018 - 2022"
"29173","Ralls County","Missouri","All Races","All Sexes","Cancer Incidence (age-adj per 100k)","All Cancer Site",375.4075,"US Cancer Statistics, 2018 - 2022"
"29175","Randolph County","Missouri","All Races","All Sexes","Cancer Incidence (age-adj per 100k)","All Cancer Site",513.5095,"US Cancer Statistics, 2018 - 2022"
"29177","Ray County","Missouri","All Races","All Sexes","Cancer Incidence (age-adj per 100k)","All Cancer Site",428.0619,"US Cancer Statistics, 2018 - 2022"
"29179","Reynolds County","Missouri","All Races","All Sexes","Cancer Incidence (age-adj per 100k)","All Cancer Site",493.5411,"US Cancer Statistics, 2018 - 2022"
"29181","Ripley County","Missouri","All Races","All Sexes","Cancer Incidence (age-adj per 100k)","All Cancer Site",587.4325,"US Cancer Statistics, 2018 - 2022"
"29183","St. Charles County","Missouri","All Races","All Sexes","Cancer Incidence (age-adj per 100k)","All Cancer Site",456.9332,"US Cancer Statistics, 2018 - 2022"
"29185","St. Clair County","Missouri","All Races","All Sexes","Cancer Incidence (age-adj per 100k)","All Cancer Site",481.8495,"US Cancer Statistics, 2018 - 2022"
"29186","St. Genevieve County","Missouri","All Races","All Sexes","Cancer Incidence (age-adj per 100k)","All Cancer Site",477.4339,"US Cancer Statistics, 2018 - 2022"
"29187","St. Francois County","Missouri","All Races","All Sexes","Cancer Incidence (age-adj per 100k)","All Cancer Site",534.5267,"US Cancer Statistics, 2018 - 2022"
"29189","St. Louis County","Missouri","All Races","All Sexes","Cancer Incidence (age-adj per 100k)","All Cancer Site",473.8378,"US Cancer Statistics, 2018 - 2022"
"29195","Saline County","Missouri","All Races","All Sexes","Cancer Incidence (age-adj per 100k)","All Cancer Site",476.7326,"US Cancer Statistics, 2018 - 2022"
"29197","Schuyler County","Missouri","All Races","All Sexes","Cancer Incidence (age-adj per 100k)","All Cancer Site",374.4214,"US Cancer Statistics, 2018 - 2022"
"29199","Scotland County","Missouri","All Races","All Sexes","Cancer Incidence (age-adj per 100k)","All Cancer Site",326.7993,"US Cancer Statistics, 2018 - 2022"
"29201","Scott County","Missouri","All Races","All Sexes","Cancer Incidence (age-adj per 100k)","All Cancer Site",514.9328,"US Cancer Statistics, 2018 - 2022"
"29203","Shannon County","Missouri","All Races","All Sexes","Cancer Incidence (age-adj per 100k)","All Cancer Site",486.2808,"US Cancer Statistics, 2018 - 2022"
"29205","Shelby County","Missouri","All Races","All Sexes","Cancer Incidence (age-adj per 100k)","All Cancer Site",530.8979,"US Cancer Statistics, 2018 - 2022"
"29207","Stoddard County","Missouri","All Races","All Sexes","Cancer Incidence (age-adj per 100k)","All Cancer Site",516.3353,"US Cancer Statistics, 2018 - 2022"
"29209","Stone County","Missouri","All Races","All Sexes","Cancer Incidence (age-adj per 100k)","All Cancer Site",455.392,"US Cancer Statistics, 2018 - 2022"
"29211","Sullivan County","Missouri","All Races","All Sexes","Cancer Incidence (age-adj per 100k)","All Cancer Site",378.2226,"US Cancer Statistics, 2018 - 2022"
"29213","Taney County","Missouri","All Races","All Sexes","Cancer Incidence (age-adj per 100k)","All Cancer Site",467.1895,"US Cancer Statistics, 2018 - 2022"
"29215","Texas County","Missouri","All Races","All Sexes","Cancer Incidence (age-adj per 100k)","All Cancer Site",416.0072,"US Cancer Statistics, 2018 - 2022"
"29217","Vernon County","Missouri","All Races","All Sexes","Cancer Incidence (age-adj per 100k)","All Cancer Site",397.1203,"US Cancer Statistics, 2018 - 2022"
"29219","Warren County","Missouri","All Races","All Sexes","Cancer Incidence (age-adj per 100k)","All Cancer Site",473.2875,"US Cancer Statistics, 2018 - 2022"
"29221","Washington County","Missouri","All Races","All Sexes","Cancer Incidence (age-adj per 100k)","All Cancer Site",499.9337,"US Cancer Statistics, 2018 - 2022"
"29223","Wayne County","Missouri","All Races","All Sexes","Cancer Incidence (age-adj per 100k)","All Cancer Site",539.6404,"US Cancer Statistics, 2018 - 2022"
"29225","Webster County","Missouri","All Races","All Sexes","Cancer Incidence (age-adj per 100k)","All Cancer Site",447.3692,"US Cancer Statistics, 2018 - 2022"
"29227","Worth County","Missouri","All Races","All Sexes","Cancer Incidence (age-adj per 100k)","All Cancer Site",573.2411,"US Cancer Statistics, 2018 - 2022"
"29229","Wright County","Missouri","All Races","All Sexes","Cancer Incidence (age-adj per 100k)","All Cancer Site",459.871,"US Cancer Statistics, 2018 - 2022"
"29510","St. Louis City","Missouri","All Races","All Sexes","Cancer Incidence (age-adj per 100k)","All Cancer Site",423.6037,"US Cancer Statistics, 2018 - 2022"
